Vendor Name,Invoice  Date,Invoice Number,Invoice Total,Drop Ship Fee,Shipping Fee,OMX PO,OMX Total,PO Num,Total    Difference,Discrepancy,Memo
COAST LAMP,43122,52326,-340,0,0,,,6646-,,CREDIT MEMO,COAST LAMP PMT RECPT 012618 1713.62
MY AMIGOS,43105,7166,-170,0,0,630113,170,630113-2,340,CREDIT MEMO,MY AMIGOS 011918 7166
COAST LAMP,43071,51650,-111.2,0,0,689210,139,689210-4,250.2,CREDIT MEMO,COAST LAMP PMT RECPT 121117 49
COAST LAMP,43087,51875,-109,0,0,671201,108.3,671201-1,217.3,CREDIT MEMO,COAST LAMP PMT RECPT 122017 3484.88 84.80 46
COAST LAMP,43122,52322,-95,0,0,686746,113.05,686746-2,208.05,CREDIT MEMO,COAST LAMP PMT RECPT 012618 1713.62
COAST LAMP,43104,52014,-93,0,0,710878,98,710878-1,191,CREDIT MEMO,COAST LAMP PMT RECPT 010518 49 4281.85
COAST LAMP,43089,51882,-89,0,0,714478,89,714478-1,193.31,CREDIT MEMO,COAST LAMP PMT RECPT 122017 3484.88 84.80 46
COAST LAMP,43071,51649,-60,0,0,692598,80,692598-1,140,CREDIT MEMO,COAST LAMP PMT RECPT 121117 49
COAST LAMP,43110,52174,-58.9,0,0,,,6646-,,CREDIT MEMO,COAST LAMP PMT RECPT 011918 4576.01
COAST LAMP,43074,51601,-55.6,0,0,676651,331,676651-7,386.6,CREDIT MEMO,COAST LAMP PMT RECPT 121117 49
MY AMIGOS,43105,7166,-44,0,0,640660,88,640660-1,132,CREDIT MEMO,MY AMIGOS 011918 7166
COAST LAMP,43127,52510,-40.5,0,0,702050,54,702050-1,94.5,CREDIT MEMO,COAST LAMP PMT RECPT 013018 321.95
COAST LAMP,43077,51768,-39.25,-11.75,0,706780,27.5,706780-1,55,CREDIT MEMO,CAST HORN 121517 5770.01
MY AMIGOS,43105,7166,-25,0,0,631826,170,631826-1,195,CREDIT MEMO,MY AMIGOS 011918 7166
Mayberry Rugs,43074,11023,-23.8,0,0,711039,56,711039-1,79.8,CREDIT MEMO,MAYBERRY 120517 807.70
COAST LAMP,43119,52368,-15.31,0,0,714478,89,714478-1,193.31,CREDIT MEMO,COAST LAMP PMT RECPT 012618 1713.62
COAST LAMP,43087,51876,-15,0,0,710040,98.8,710040-1,113.8,CREDIT MEMO,COAST LAMP PMT RECPT 122017 3484.88 84.80 46
COAST LAMP,43122,52323,-12,0,0,688133,197.6,688133-1,209.6,CREDIT MEMO,COAST LAMP PMT RECPT 012618 1713.62
COAST LAMP,43122,52320,-8,0,0,604645,465.05,604645-2,473.05,CREDIT MEMO,COAST LAMP PMT RECPT 012618 1713.62
COAST LAMP,43122,52324,-7.2,0,0,701157,136.8,701157-1,144,CREDIT MEMO,COAST LAMP PMT RECPT 012618 1713.62
COAST LAMP,43122,52325,-5.2,0,0,702668,98.8,702668-1,104,CREDIT MEMO,COAST LAMP PMT RECPT 012618 1713.62
COAST LAMP,43122,52321,-4,0,0,678680,198.8,678680-2,202.8,CREDIT MEMO,COAST LAMP PMT RECPT 012618 1713.62
FLAT ROCK FURNITURE,43089,32726,1080,0,0,700055,1079.34,700055-1,-0.66,DUPLICATE,FLATROCK 122017 32726
CAPITOL IMPORTING,43111,164605,77,3,0,716361,74,716361-2,,DUPLICATE,CAPITOL 011118 164605
CHANDLER 4 CORNERS,43108,236609,59.5,10,0,734945,49.5,734945-1,,DUPLICATE,CHANDLER 010818 236609
CHANDLER 4 CORNERS,43115,236750,40.6,10,0,738895,30.6,738895-2,,DUPLICATE,CHANDLER 011518 236793
COAST LAMP,43129,52288,80.05,5,0,740923,75.05,740923-4,,DUPLICATE,COAST LAMP PMT RECPT 013018 321.95
COAST LAMP,43090,51660,46.5,5,0,724156,41.5,724156-1,,DUPLICATE,COAST LAMP PMT RECPT 122017 3484.88
COAST LAMP,43090,51660,46.5,5,0,724156,41.5,724156-1,,DUPLICATE,COAST LAMP PMT RECPT 122117
Greenland Trading,43112,163785,71,5,0,739869,66,739869-1,,DUPLICATE,GREENLAND 012418 153880
"Kalalou, Inc.",43115,637070,55.5,0,0,725903,49.5,725903-1,,DUPLICATE,KALALOU 011618 637071
Mayberry Rugs,43111,106631,33,5,0,736898,28,736898-2,,DUPLICATE,MAYBERRY PMT RECPT 011218 1290.00
NEW WORLD TRADING,43056,25311,648,0,0,711630,1296,711630-1,,DUPLICATE,NEW WORLD TRADING 112117 25310
NEW WORLD TRADING,43056,25310,481,0,0,711358,962,711358-1,,DUPLICATE,NEW WORLD TRADING 112117 25310
NEW WORLD TRADING,43038,25279,1307.5,0,0,704253,2614.5,704253-2,,DUPLICATE,NEW WORLD TRADING 120517 25279
PACIFIC COAST,43090,6100815,104.5,5,0,731609,99.5,731609-1,,DUPLICATE,PACIFIC COAST 122917 6100815
VAXCEL,43102,786250,70.9,2.5,0,734212,68.4,734212-1,,DUPLICATE,VAXCEL 010318 786251
VAXCEL,43108,787389,126,2.5,0,731719,123.5,731719-2,,DUPLICATE,VAXCEL 010918 787439
West Creation,43084,19501,15,3,0,720061,11.4,720061-1,,DUPLICATE,WEST CREATION 010218 143 5050.29
COAST LAMP,43077,51432,84,5,0,713693,84,713693-2,,DUPLICATE,COAST LAMP PMT RECPT 121117 49
MEXPORTS,43113,7462,1498,0,0,740871,2557,740871-2,,DUPLICATE,MEXPORTS 012218 7462
THIRSTYSTONE,43010,INV446779,64.07,5,0,693927,59.08,693927-1,,DUPLICATE,THIRSTYSTONE 013118 64
West Creation,43084,19502,32,3,0,720300,27.56,720300-2,,DUPLICATE,WEST CREATION 010218 143 5050.29
IMAX CORPORATION,43073,1476848,44.89,0,0,719540,44.89,719540-1,,DUPLICATE,IMAX 120517 1476848
T. I. DESIGN,43074,10112082,209,0,0,,,SAMPLES-,,DUPLICATE,TI DESIGN 120617 10112083 SAMPLES SUM17
Greenland Trading,43098,163148,110,5,0,,,NO PO-,,NO PO ON INVOICE,GREENLAND 010418 163248
Greenland Trading,43124,164365,61,5,0,,,NO PO-,,NO PO ON INVOICE,GREENLAND 012518 164365
"KALCO LIGHTING, LTD.",43081,63809,12.3,0,0,,,No Po-17W086294701-,,NO PO ON INVOICE,KALALOU 121217 63809
Mayberry Rugs,43117,106931,19.5,5,0,,,NO PO-,,NO PO ON INVOICE,MAYBERRY PMT RECPT 011818 1823.00
Mayberry Rugs,43118,107086,19.5,5,0,,,NO PO-,,NO PO ON INVOICE,MAYBERRY PMT RECPT 012218 1085.50
Mayberry Rugs,43118,107087,152,10,0,,,NO PO-,,NO PO ON INVOICE,MAYBERRY PMT RECPT 012218 1085.50
Mayberry Rugs,43119,107089,17.5,5,0,,,NO PO-,,NO PO ON INVOICE,MAYBERRY PMT RECPT 012218 1085.50
Mayberry Rugs,43119,107100,59,5,0,,,NO PO-,,NO PO ON INVOICE,MAYBERRY PMT RECPT 012218 1085.50
Mayberry Rugs,43119,107101,119,5,0,,,NO PO-,,NO PO ON INVOICE,MAYBERRY PMT RECPT 012218 1085.50
Mayberry Rugs,43119,107102,17.5,5,0,,,NO PO-,,NO PO ON INVOICE,MAYBERRY PMT RECPT 012218 1085.50
Mayberry Rugs,43119,107103,59,5,0,,,NO PO-,,NO PO ON INVOICE,MAYBERRY PMT RECPT 012218 1085.50
Mayberry Rugs,43123,107214,76.5,10,0,,,NO PO-,,NO PO ON INVOICE,MAYBERRY 012418 1092.00
MY AMIGOS,43070,7152,32,8,0,,,No PO-,,NO PO ON INVOICE,MY AMIGOS 122717 7152
RIGHTSIDE DESIGN,43068,28069842,54.91,0,0,,,NO PO-,,NO PO ON INVOICE,RIGHTSIDE 113017 28069842
RIGHTSIDE DESIGN,43035,28069825,94.61,0,0,,,NO PO-,,NO PO ON INVOICE,RIGHTSIDE DESIGN 112717 28069825
VAXCEL,43083,783573,286.55,2.5,0,,,NO PO-,,NO PO ON INVOICE,VAXCEL 121517 783573
BS TRADING RUG,43087,38437,93,5,0,,,716363-4,,NOT ON DROP SHIP REPORT,BS TRADING 121817 038437
CARSTENS INC,43069,218394,32.5,3,0,,,171874-1,,NOT ON DROP SHIP REPORT,CARSTENS 121317 625.25
CARSTENS INC,43122,22076,12,3,0,,,473061-1,,NOT ON DROP SHIP REPORT,CARSTENS PMT RECPT 012618 1077.00
CARSTENS INC,43069,218393,27,3,0,,,717920-2,,NOT ON DROP SHIP REPORT,CARSTENS 121317 625.25
CARSTENS INC,43117,221878,28,3,0,,,741245-1,,NOT ON DROP SHIP REPORT,CARSTENS PMT RECPT 012618 1077.00
CAST HORN DESIGN,43077,20804,198,5,0,,,724014-1,,NOT ON DROP SHIP REPORT,CAST HORN 120817 20804
CAST HORN DESIGN,43077,20804,198,5,0,,,724121-1,,NOT ON DROP SHIP REPORT,CAST HORN 120817 20804
CHANDLER 4 CORNERS,43068,234796,46,10,0,,,718581-1,,NOT ON DROP SHIP REPORT,CHANDLER 113017 234796
CHANDLER 4 CORNERS,43103,236482,27.1,10,0,,,734179-2,,NOT ON DROP SHIP REPORT,CHANDLER 010318 236482
CHANDLER 4 CORNERS,43077,235413,90.1,10,0,,,734642-1,,NOT ON DROP SHIP REPORT,CHANDLER 120817 235413
CHANDLER 4 CORNERS,43080,235652,40.6,10,0,,,735588-2,,NOT ON DROP SHIP REPORT,CHANDLER 121117 235652
CHANDLER 4 CORNERS,43104,236421,46,10,0,,,735726-4,,NOT ON DROP SHIP REPORT,CHANDLER 010518 236521
CHANDLER 4 CORNERS,43105,236550,46,10,0,,,736256-2,,NOT ON DROP SHIP REPORT,CHANDLER 010518 236550
CHANDLER 4 CORNERS,43083,235901,27.1,10,0,,,737886-1,,NOT ON DROP SHIP REPORT,CHANDLER 121417 235901
CHANDLER 4 CORNERS,43129,237289,29.8,10,0,,,746397-2,,NOT ON DROP SHIP REPORT,CHANDLER 012918 237289
CHANDLER 4 CORNERS,43073,234971,280,10,0,,,920294-3,,NOT ON DROP SHIP REPORT,CHANDLER 120517 234971
CHANDLER 4 CORNERS,43102,236429,167.5,10,0,,,934402-2,,NOT ON DROP SHIP REPORT,CHANDLER 010218 236429
CHANDLER 4 CORNERS,43125,237210,27.1,10,0,,,7311469-1,,NOT ON DROP SHIP REPORT,CHANDLER 012618 237210
CHANDLER 4 CORNERS,43088,236157,27.1,10,0,,,7311469-1,,NOT ON DROP SHIP REPORT,CHANDLER 122017 236157
COAST LAMP,43105,51786,213,5,0,,,72917-2,,NOT ON DROP SHIP REPORT,COAST LAMP PMT RECPT 010518 49 4281.85
COAST LAMP,43077,51418,89,5,0,,,714671-1,,NOT ON DROP SHIP REPORT,COAST LAMP PMT RECPT 121117 49
COAST LAMP,43119,52038,153,5,0,,,735291-2,,NOT ON DROP SHIP REPORT,COAST LAMP PMT RECPT 011918 4576.01
COAST LAMP,43119,52057,26.5,5,0,,,7037864-1,,NOT ON DROP SHIP REPORT,COAST LAMP PMT RECPT 011918 4576.01
DEMDACO 0000        LEAWOOD,43118,21867256,72,0,0,,,711000-1,,NOT ON DROP SHIP REPORT,DEMDACO 011918 21867257
DEMDACO 0000        LEAWOOD,43124,21870665,84,0,0,,,712910-1,,NOT ON DROP SHIP REPORT,DEMDACO 012518 21870663
DEMDACO 0000        LEAWOOD,43074,21840093,93,0,0,,,719122-1,,NOT ON DROP SHIP REPORT,DEMDACO 120617 21840093
DONNA SHARP,43070,411989,263.7,0,0,,,7192226-1,,NOT ON DROP SHIP REPORT,DONNA SHARP 120117 411989
Greenland Trading,43073,162066,66,5,0,,,721266-1,,NOT ON DROP SHIP REPORT,GREENLAND 120617 162066
Greenland Trading,43102,163246,66,5,0,,,734788-1,,NOT ON DROP SHIP REPORT,GREENLAND 010418 163246
Greenland Trading,43110,163707,66,5,0,,,738941-1,,NOT ON DROP SHIP REPORT,GREENLAND 011118 163707
Greenland Trading,43125,164392,66,5,0,,,744989-1,,NOT ON DROP SHIP REPORT,GREENLAND 012918 164392
Greenland Trading,43122,164225,14,5,0,,,7433601-1,,NOT ON DROP SHIP REPORT,GREENLAND 012518 164225
HERITAGE LACE,43126,1257056,53,0,0,,,74449-1,,NOT ON DROP SHIP REPORT,HERITAGE LACE 013018 2
HIGH COUNTRY ARTS,43049,1333045,93,0,0,,,708484-1,,NOT ON DROP SHIP REPORT,JONOCO 010318 1333045
HIGH COUNTRY ARTS,43075,17974,59.25,5,0,,,718088-1,,NOT ON DROP SHIP REPORT,HIGH COUNTRY 010918 4
IRONWOOD INDUSTRIES,43080,27044,174,0,0,,,1702854-4,,NOT ON DROP SHIP REPORT,IRONWOOD 121117 27044
"KALCO LIGHTING, LTD.",43060,622197,16.8,0,0,,,702917-1,,NOT ON DROP SHIP REPORT,KALALOU 112917 622197
"KALCO LIGHTING, LTD.",43060,622198,16.8,0,0,,,703368-1,,NOT ON DROP SHIP REPORT,KALALOU 112917 622198
"KALCO LIGHTING, LTD.",43039,613502,131.4,0,0,,,704069-1,,NOT ON DROP SHIP REPORT,KALALOU 120717 5
"KALCO LIGHTING, LTD.",43060,622265,28.2,0,0,,,712230-2,,NOT ON DROP SHIP REPORT,KALALOU 112917 622265
"KALCO LIGHTING, LTD.",43086,631805,18.6,6,0,,,728939-2,,NOT ON DROP SHIP REPORT,KALALOU 121817 631805
Mayberry Rugs,43117,106935,30,5,0,,,74122-1,,NOT ON DROP SHIP REPORT,MAYBERRY PMT RECPT 011818 1823.00
Mayberry Rugs,43082,105515,59,5,0,,,717072-1,,NOT ON DROP SHIP REPORT,MAYBERRY 121417 1342.50
Mayberry Rugs,43073,105134,33,5,0,,,721501-1,,NOT ON DROP SHIP REPORT,MAYBERRY 120517 807.70
Mayberry Rugs,43091,106050,37,10,0,,,732052-2,,NOT ON DROP SHIP REPORT,MAYBERRY 122817 214.00
MEISSENBURG DESIGNS,43083,266941,113,2,0,,,726023-3,,NOT ON DROP SHIP REPORT,MEISSENBURG 010918 6
OLLIIX,43110,44833967-1,62.37,4.62,0,,,738009-1,,NOT ON DROP SHIP REPORT,OLLIIX 011018 44833967
PACIFIC COAST,43070,6098651,74.5,5,0,,,715939-1,,NOT ON DROP SHIP REPORT,PACIFIC COAST PMT RECPT 120617 13
PACIFIC COAST,43088,6100565,175,5,0,,,728606-1,,NOT ON DROP SHIP REPORT,PACIFIC COAST 122917 1396.50 10
PACIFIC COAST,43119,6103216,280,5,0,,,740966-1,,NOT ON DROP SHIP REPORT,PACIFIC COAST PMT RECPT 012418 1492.50
PACIFIC COAST,43124,6103495,104.5,5,0,,,762712-1,,NOT ON DROP SHIP REPORT,PACIFIC COAST PMT RECPT 012518 518.50
PACIFIC COAST,43124,6103494,104.5,5,0,,,763258-2,,NOT ON DROP SHIP REPORT,PACIFIC COAST PMT RECPT 012518 518.50
PARK DESIGN,43073,621639,48.6,0,0,,,721282-1,,NOT ON DROP SHIP REPORT,SPI 120517 621639
PARK DESIGN,43076,621857,32,0,0,,,723272-1,,NOT ON DROP SHIP REPORT,SPI 120817 621857
PARK DESIGN,43077,621936,117,0,0,,,723778-1,,NOT ON DROP SHIP REPORT,SPI 120817 621936
PARK DESIGN,43080,622095,165,0,0,,,726934-1,,NOT ON DROP SHIP REPORT,SPI 121317 622095
PARK DESIGN,43083,622370,56,0,0,,,728955-1,,NOT ON DROP SHIP REPORT,SPI 121517 622370
PARK DESIGN,43084,622416,165,0,0,,,729239-2,,NOT ON DROP SHIP REPORT,SPI 121817 622416
PARK DESIGN,43087,622589,155,0,0,,,731124-1,,NOT ON DROP SHIP REPORT,SPI 122017 622589
PARK DESIGN,43103,623049,185,0,0,,,731562-1,,NOT ON DROP SHIP REPORT,SPI 010418 623049
PARK DESIGN,43089,622705,465,0,0,,,731710-1,,NOT ON DROP SHIP REPORT,SPI 122117 622705
PARK DESIGN,43089,622726,139.5,0,0,,,732015-1,,NOT ON DROP SHIP REPORT,SPI 122117 622726
PARK DESIGN,43090,622755,465,0,0,,,732108-1,,NOT ON DROP SHIP REPORT,SPI 122217 622755
PARK DESIGN,43096,622871,77.22,0,0,,,732500-1,,NOT ON DROP SHIP REPORT,SPI 122817 622871
PARK DESIGN,43102,622989,675,0,0,,,733973-2,,NOT ON DROP SHIP REPORT,SPI 010418 622989
PARK DESIGN,43102,622979,38,0,0,,,734010-1,,NOT ON DROP SHIP REPORT,SPI 010418 622979
PARK DESIGN,43104,623134,100,0,0,,,735987-2,,NOT ON DROP SHIP REPORT,SPI 010517 623134
PARK DESIGN,43116,1393754,127.25,5,16,,,737677-1,,NOT ON DROP SHIP REPORT,PARK 011618 1393754
PARK DESIGN,43111,623493,155,0,0,,,739457-1,,NOT ON DROP SHIP REPORT,SPI 011218 623493
PARK DESIGN,43117,623719,88,0,0,,,741779-1,,NOT ON DROP SHIP REPORT,SPI 011818 623719
PARK DESIGN,43122,623894,68,0,0,,,742737-1,,NOT ON DROP SHIP REPORT,SPI 012318 623894
PARK DESIGN,43122,623895,68,0,0,,,742905-1,,NOT ON DROP SHIP REPORT,SPI 012318 623895
PARK DESIGN,43122,623910,68,0,0,,,743128-2,,NOT ON DROP SHIP REPORT,SPI 012318 623910
PARK DESIGN,43122,623908,68,0,0,,,743401-1,,NOT ON DROP SHIP REPORT,SPI 012318 623908
PARK DESIGN,43122,623920,85,0,0,,,743432-2,,NOT ON DROP SHIP REPORT,SPI 012318 623920
PARK DESIGN,43123,623966,165,0,0,,,744224-2,,NOT ON DROP SHIP REPORT,SPI 012418 623966
PARK DESIGN,43124,623984,49.57,0,0,,,744260-2,,NOT ON DROP SHIP REPORT,SPI 012518 623984
PARK DESIGN,43124,623986,135,0,0,,,744397-1,,NOT ON DROP SHIP REPORT,SPI 012518 623986
PARK DESIGN,43129,624213,44,0,0,,,744645-3,,NOT ON DROP SHIP REPORT,SPI 013018 624213
PARK DESIGN,43125,624088,38,0,0,,,745099-1,,NOT ON DROP SHIP REPORT,SPI 012618 624088
PARK DESIGN,43125,624085,46,0,0,,,745131-1,,NOT ON DROP SHIP REPORT,SPI 012618 624085
PARK DESIGN,43129,624198,88,0,0,,,745730-1,,NOT ON DROP SHIP REPORT,SPI 013018 624198
PARK DESIGN,43096,1391839,209.37,5,16.52,,,7233070-1,,NOT ON DROP SHIP REPORT,PARK 122717 1391839
THIRSTYSTONE,43007,INV446619,39,5,0,,,587965-1,,NOT ON DROP SHIP REPORT,THIRSTYSTONE 013118 64
THIRSTYSTONE,42997,INV446265,44.95,5,0,,,786520-1,,NOT ON DROP SHIP REPORT,THIRSTYSTONE 013118 64
VAGABOND GROUP,43076,319885,260,10,0,,,714548-2,,NOT ON DROP SHIP REPORT,VAGABOND HOUSE 120817 319885
VAGABOND GROUP,43074,319482,100,5,0,,,721193-2,,NOT ON DROP SHIP REPORT,VAGABOND HOUSE 120617 319482
VAGABOND GROUP,43076,319814,130,5,0,,,722926-1,,NOT ON DROP SHIP REPORT,VAGABOND HOUSE 120817 319814
VAGABOND GROUP,43087,322264,39.5,5,0,,,730577-1,,NOT ON DROP SHIP REPORT,VAGABOND HOUSE 121917 322264
VAGABOND GROUP,43089,322687,100,0,0,,,731400-2,,NOT ON DROP SHIP REPORT,VAGABON 122717 322687
VAGABOND GROUP,43122,325144,37.5,5,0,,,742928-1,,NOT ON DROP SHIP REPORT,VAGABOND HOUSE 012318 325144
VAGABOND GROUP,43130,325820,145,0,0,,,746401-2,,NOT ON DROP SHIP REPORT,VAGABOND HOUSE 013118 325820
VAXCEL,43081,782922,135.5,2.5,0,,,725841-2,,NOT ON DROP SHIP REPORT,VAXCEL 121317 782922
Vintage Direct,43104,26538,62.85,5,0,,,735757-1,,NOT ON DROP SHIP REPORT,VINTAGE DIRECT 010418 26538
West Creation,43084,19567,42,3,0,,,729168-1,,NOT ON DROP SHIP REPORT,WEST CREATION 010218 143 5050.29
West Creation,43115,19667,35,3,0,,,734193-1,,NOT ON DROP SHIP REPORT,WEST CREATION PMT RECPT 012218 2520.83
MEXPORTS,43085,7425,1608,0,0,729208,1458,729208-2,-150,PO MISMATCH,MEXPORTS 121817 7425
VAXCEL,43077,782329,225.75,2.5,0,712467,494,712467-1,-143.93,PO MISMATCH,VAXCEL 121117 782329
VAXCEL,43082,783121,225.75,2.5,0,712467,494,712467-4,-143.93,PO MISMATCH,VAXCEL 121417 783121
VAXCEL,43082,783136,146.43,2.5,0,712467,494,712467-4,-143.93,PO MISMATCH,VAXCEL 121417 783136
VAXCEL,43083,783498,47.5,0,0,712467,494,712467-1,-143.93,PO MISMATCH,VAXCEL 121517  783498
Montana Woodworks,43097,33996,200,0,0,730210,70,730210-2,-130,PO MISMATCH,MONTANA WOODWORKS 122917 33996
MEYDA LIGHTING,43059,1426091.1,340,10,0,700748,215,700748-3,-115,PO MISMATCH,MEYDA 120717 1426091
COAST LAMP,43084,51527,164.6,5,0,718128,66.5,718128-1,-93.1,PO MISMATCH,CAST HORN 121517 5770.01
COAST LAMP,43084,51617,164.6,5,0,720265,66.5,720265-1,-93.1,PO MISMATCH,CAST HORN 121517 5770.01
COAST LAMP,43105,51814,164.6,5,0,729627,66.5,729627-1,-93.1,PO MISMATCH,COAST LAMP PMT RECPT 010518 49 4281.85
COAST LAMP,43077,51407,164.6,5,0,715732,66.5,715732-1,-93.1,PO MISMATCH,COAST LAMP PMT RECPT 121117 49
COAST LAMP,43455,51675,164.6,5,0,722391,66.5,722391-1,-93.1,PO MISMATCH,COAST LAMP PMT RECPT 122017 3484.88 84.80 46
Marshfield Furniture,43131,401775,1104.75,0,0,739178,1030,739178-,-74.75,PO MISMATCH,MARSHFIELD 013118 401775 CC
West Creation,43084,19477,78,3,0,717850,142.5,717850-1,-71.25,PO MISMATCH,WEST CREATION 010218 143 5050.29
West Creation,43084,19476,153,3,0,717850,142.5,717850-1,-71.25,PO MISMATCH,WEST CREATION 010218 143 5050.29
West Creation,43084,19480,18.9,3,0,719362,15.11,719362-2,-66.495,PO MISMATCH,WEST CREATION 010218 143 5050.29
West Creation,43084,19481,73,3,0,719362,15.11,719362-2,-66.495,PO MISMATCH,WEST CREATION 010218 143 5050.29
MY AMIGOS,43038,7109,125,16,0,706264,46,706264-2,-63,PO MISMATCH,MY AMIGOS 111017 7109
MY AMIGOS,43053,7120,125,16,0,709266,46,709266-2,-63,PO MISMATCH,MY AMIGOS 112017 7120
Greenland Trading,43068,161929,89,5,0,718894,23,718894-1,-61,PO MISMATCH,GREENLAND 120617 161929
Greenland Trading,43069,161959,125,5,0,719547,59,719547-1,-61,PO MISMATCH,GREENLAND 120617 161959
TAMMEN,43053,2788,1655,60,0,709388,1545,709388-2,-50,PO MISMATCH,TAMMEN 121117 2788
COAST LAMP,43084,51606,84.8,5,0,720141,33.25,720141-2,-46.55,PO MISMATCH,CAST HORN 121517 5770.01
COAST LAMP,43084,51608,84.8,5,0,719694,33.25,719694-1,-46.55,PO MISMATCH,CAST HORN 121517 5770.01
COAST LAMP,43119,52034,84.8,5,0,737753,33.25,737753-3,-46.55,PO MISMATCH,COAST LAMP PMT RECPT 011918 4576.01
COAST LAMP,43077,51392,84.8,5,0,712165,33.25,712165-1,-46.55,PO MISMATCH,COAST LAMP PMT RECPT 121117 49
COAST LAMP,43077,51411,84.8,5,0,715312,33.25,715312-2,-46.55,PO MISMATCH,COAST LAMP PMT RECPT 121117 49
COAST LAMP,43455,51673,84.8,5,0,722415,33.25,722415-2,-46.55,PO MISMATCH,COAST LAMP PMT RECPT 122017 3484.88 84.80 46
COAST LAMP,43084,51535,183.6,5,0,717438,132.05,717438-1,-46.55,PO MISMATCH,CAST HORN 121517 5770.01
MEISSENBURG DESIGNS,43080,266552,108.5,2,0,716991,60,716991-1,-46.5,PO MISMATCH,MEISSENBURG 010918 6.2
UNITED WEAVERS,43109,1077110,124.58,5,24.58,738218,52.5,738218-1,-42.5,PO MISMATCH,UNITED WEAVERS 011018 31
UNITED WEAVERS,43110,1077996,128.75,5,28.75,738637,52.5,738637-1,-42.5,PO MISMATCH,UNITED WEAVERS 011118 6
MEISSENBURG DESIGNS,43076,266270,127,2,0,718901,85,718901-1,-40,PO MISMATCH,MEISSENBURG 010918 7
TAMMEN,43112,2863,485,0,0,738846,445,738846-1,-40,PO MISMATCH,TAMMEN 012518 2863
West Creation,43084,19553,35,3,0,726945,30.4,726945-2,-34.01,PO MISMATCH,WEST CREATION 010218 143 5050.29
West Creation,43084,19554,38.8,3,0,726945,30.4,726945-2,-34.01,PO MISMATCH,WEST CREATION 010218 143 5050.29
West Creation,43115,19676,21.9,3,0,736757,17.96,736757-2,-34.005,PO MISMATCH,WEST CREATION PMT RECPT 012218 2520.83
West Creation,43115,19677,38.8,3,0,736757,17.96,736757-2,-34.005,PO MISMATCH,WEST CREATION PMT RECPT 012218 2520.83
NEW WORLD TRADING,43059,25313,699.9,0,0,712038,666.9,712038-1,-33,PO MISMATCH,NEW WORLD TRADING 112117 25310
West Creation,43084,19470,34.8,3,0,716844,35.92,716844-1,-30.2,PO MISMATCH,WEST CREATION 010218 143 5050.29
West Creation,43084,19469,40.8,3,0,716844,35.92,716844-1,-30.2,PO MISMATCH,WEST CREATION 010218 143 5050.29
MY AMIGOS,43118,7176,32,8,0,730773,24,730773-5,-24,PO MISMATCH,MY AMIGOS 012218 7176
MY AMIGOS,43070,7152,32,8,0,730773,24,730773-5,-24,PO MISMATCH,MY AMIGOS 122717 7152
BEL AIR LIGHTING,43117,1995684,168.8,0,0,731685,147,731685-3,-21.8,PO MISMATCH,TRANS GLOBE 011818 1995684
CRIPPLE CREEK,43101,18-8666,138,0,0,734785,118,734785-1,-20,PO MISMATCH,CRIPPLE CREEK 011918 188666
CHANDLER 4 CORNERS,43074,235051,463.6,10,0,721817,434.79,721817-2,-18.81,PO MISMATCH,CHANDLER 120517 235051
DONNA SHARP,43080,413105,18.9,0,0,725567,19.95,725567-1,-17.85,PO MISMATCH,DONNA SHARP 121117 413105
DONNA SHARP,43080,413107,18.9,0,0,725567,19.95,725567-1,-17.85,PO MISMATCH,DONNA SHARP 121117 413107
West Creation,43084,19499,20.9,3,0,720548,18.43,720548-3,-17.005,PO MISMATCH,WEST CREATION 010218 143 5050.29
West Creation,43084,19498,22.4,3,0,720548,18.43,720548-3,-17.005,PO MISMATCH,WEST CREATION 010218 143 5050.29
HERITAGE LACE,43118,1256317,17,0,0,741093,0,741093-3,-17,PO MISMATCH,HERITAGE LACE 012218 3
West Creation,43115,19644,27.2,3,0,731775,23,731775-2,-16.995,PO MISMATCH,WEST CREATION PMT RECPT 012218 2520.83
West Creation,43115,19645,20.9,3,0,731775,23,731775-2,-16.995,PO MISMATCH,WEST CREATION PMT RECPT 012218 2520.83
IRONWOOD INDUSTRIES,43102,27138,107,0,0,714494,107,714494-2,-15.9,PO MISMATCH,IRONWOOD 010318 27138
IRONWOOD INDUSTRIES,43109,27217,15.9,0,0,714494,107,714494-2,-15.9,PO MISMATCH,IRONWOOD 011918 27217
West Creation,43084,19541,19,3,0,724016,356.25,724016-1,-15.2,PO MISMATCH,WEST CREATION 010218 143 5050.29
West Creation,43084,19540,228,3,0,724016,356.25,724016-1,-15.2,PO MISMATCH,WEST CREATION 010218 143 5050.29
West Creation,43115,19641,153,3,0,724016,356.25,724016-2,-15.2,PO MISMATCH,WEST CREATION PMT RECPT 012218 2520.83
COLORADO DALLAS LLC,43084,18861,296.75,7,0,716134,275.5,716134-2,-14.25,PO MISMATCH,COLORADO DALLAS 121517 18861
CAPITOL IMPORTING,43129,0165684,277,3,0,746210,260,746210-2,-14,PO MISMATCH,CAPITOL 013018 165684
VICENZA,43097,039708,174.84,10.34,0,717558,150.5,717558-2,-14,PO MISMATCH,VICENZA 010918 2
VICENZA,43088,039894,70,0,0,707899,56,707899-1,-14,PO MISMATCH,VICENZA 010918 2
CHANDLER 4 CORNERS,43074,235046,132.4,10,0,721731,110.16,721731-1,-12.24,PO MISMATCH,CHANDLER 120517 235046
BEL AIR LIGHTING,43117,1995688,89.8,0,0,722285,78,722285-1,-11.8,PO MISMATCH,TRANS GLOBE 011818 1995688
COAST LAMP,43119,52055,163,5,0,737709,148,737709-1,-10,PO MISMATCH,COAST LAMP PMT RECPT 011918 4576.01
COAST LAMP,43077,51406,173,5,0,715926,158,715926-1,-10,PO MISMATCH,COAST LAMP PMT RECPT 121117 49
COAST LAMP,43455,51679,163,5,0,721897,148,721897-1,-10,PO MISMATCH,COAST LAMP PMT RECPT 122017 3484.88 84.80 46
MY AMIGOS,43118,7176,189,119,0,739334,60,739334-1,-10,PO MISMATCH,MY AMIGOS 012218 7176
COAST LAMP,43084,51614,104,5,0,719542,89.3,719542-1,-9.7,PO MISMATCH,CAST HORN 121517 5770.01
CHANDLER 4 CORNERS,43068,234791,172.5,10,0,718045,153,718045-1,-9.5,PO MISMATCH,CHANDLER 113017 234791
COLORADO DALLAS LLC,43025,18667,105.55,2,0,693416,94.05,693416-1,-9.5,PO MISMATCH,COLORADO DALLAS 012218 18667
COLORADO DALLAS LLC,43066,18794,146.4,2,0,709818,134.9,709818-2,-9.5,PO MISMATCH,COLORADO DALLAS 012218 18794
PARK DESIGN,43130,1396157,184.72,5,15.67,744551,155.39,744551-1,-8.66,PO MISMATCH,SPI 013018 1396157
Sierra Lifestyles,43123,32355,6.5,0,0,743958,6.4,743958-2,-6.6,PO MISMATCH,SIERRA 012918 32355
Sierra Lifestyles,43125,32375,6.5,0,0,743958,6.4,743958-2,-6.6,PO MISMATCH,SIERRA 012918 32375
PARK DESIGN,43130,1396161,191.68,5,17.53,713360,162.77,713360-1,-6.38,PO MISMATCH,SPI 013018 1396161
CAPITOL IMPORTING,43111,164613,85,3,0,738174,76,738174-1,-6,PO MISMATCH,CAPITOL 011118 164613
CAPITOL IMPORTING,43129,0165677,85,3,0,745495,76,745495-5,-6,PO MISMATCH,CAPITOL 013018 165677
EMILY                  LAKE LURE,43103,14172,27,0,0,734956,21,734956-3,-6,PO MISMATCH,EMILY 010918 14172
"Kalalou, Inc.",43116,637295,149.1,24,0,739792,125.1,739792-1,-6,PO MISMATCH,KALALOU 011718 637295
West Creation,43115,19661,120.8,3,0,734947,111.96,734947-2,-5.84,PO MISMATCH,WEST CREATION PMT RECPT 012218 2520.83
CHANDLER 4 CORNERS,43073,234972,64,10,0,720430,48.6,720430-1,-5.4,PO MISMATCH,CHANDLER 120517 234972
"Kalalou, Inc.",43109,634643,64.5,6,0,736030,53.1,736030-1,-5.4,PO MISMATCH,KALALOU 010918 634643
West Creation,43115,19633,125.8,3,0,730839,117.62,730839-4,-5.18,PO MISMATCH,WEST CREATION PMT RECPT 012218 2520.83
CAPITOL IMPORTING,43125,165482,80.5,3,0,743339,72.5,743339-1,-5,PO MISMATCH,CAPITOL 012518 165482
COAST LAMP,43105,51787,84,5,0,728947,74,728947-1,-5,PO MISMATCH,COAST LAMP PMT RECPT 010518 49 4281.85
COAST LAMP,43105,51790,84,5,0,729138,94,729138-1,-5,PO MISMATCH,COAST LAMP PMT RECPT 010518 49 4281.85
COAST LAMP,43105,51792,84,5,0,726776,74,726776-2,-5,PO MISMATCH,COAST LAMP PMT RECPT 010518 49 4281.85
COAST LAMP,43105,51844,94,5,0,730935,84,730935-2,-5,PO MISMATCH,COAST LAMP PMT RECPT 010518 49 4281.85
COAST LAMP,43119,52169,28.5,8.5,0,729138,94,729138-2,-5,PO MISMATCH,COAST LAMP PMT RECPT 011918 4576.01
COAST LAMP,43455,51659,94,5,0,724229,84,724229-1,-5,PO MISMATCH,COAST LAMP PMT RECPT 122017 3484.88 84.80 46
PARK DESIGN,43130,1396158,162.71,5,19.16,744755,133.71,744755-1,-4.84,PO MISMATCH,SPI 013018 1396158
PARK DESIGN,43130,1396160,164.44,5,20.89,744149,133.71,744149-2,-4.84,PO MISMATCH,SPI 013018 1396160
IMAX CORPORATION,43110,1492341,145,0,0,735470,140.25,735470-1,-4.75,PO MISMATCH,IMAX 011118 1492341
IMAX CORPORATION,43070,1476247,145,0,0,717013,140.25,717013-1,-4.75,PO MISMATCH,IMAX 120117 1476247
PARK DESIGN,43130,1396159,41,5,5.4,744537,26.01,744537-3,-4.59,PO MISMATCH,SPI 013018 1396159
CHANDLER 4 CORNERS,43129,237292,55,10,0,745577,40.5,745577-2,-4.5,PO MISMATCH,CHANDLER 012918 237292
CHANDLER 4 CORNERS,43130,237333,55,10,0,746314,40.5,746314-2,-4.5,PO MISMATCH,CHANDLER 013018 237333
West Creation,43115,19663,88.5,3,0,734491,81.25,734491-1,-4.25,PO MISMATCH,WEST CREATION PMT RECPT 012218 2520.83
Sierra Lifestyles,43111,32253,263,0,0,732689,258.96,732689-1,-4.04,PO MISMATCH,SIERRA 011518 32253
PEWTER.COM,43126,109106,40,0,0,742822,36,742822-2,-4,PO MISMATCH,PEWTER.COM 013018 109106
West Creation,43115,19628,78,3,0,729835,71.25,729835-1,-3.75,PO MISMATCH,WEST CREATION PMT RECPT 012218 2520.83
CHANDLER 4 CORNERS,43111,236751,46,10,0,739270,32.4,739270-1,-3.6,PO MISMATCH,CHANDLER 011118 236751
CHANDLER 4 CORNERS,43116,236856,46,10,0,741342,32.4,741342-2,-3.6,PO MISMATCH,CHANDLER 011618 236856
CHANDLER 4 CORNERS,43122,237018,46,10,0,743334,32.4,743334-1,-3.6,PO MISMATCH,CHANDLER 012218 237018
CHANDLER 4 CORNERS,43073,234981,46,10,0,719701,32.4,719701-3,-3.6,PO MISMATCH,CHANDLER 120517 234981
West Creation,43115,19651,74.8,3,0,733127,68.22,733127-1,-3.58,PO MISMATCH,WEST CREATION PMT RECPT 012218 2520.83
West Creation,43115,19664,70.6,3,0,734930,64.24,734930-1,-3.36,PO MISMATCH,WEST CREATION PMT RECPT 012218 2520.83
CHANDLER 4 CORNERS,43104,236524,57.7,10,0,735964,44.64,735964-1,-3.06,PO MISMATCH,CHANDLER 010518 236524
CHANDLER 4 CORNERS,43129,237294,64,10,0,745930,50.94,745930-1,-3.06,PO MISMATCH,CHANDLER 012918 237294
CHANDLER 4 CORNERS,43077,235435,71.2,10,0,724367,58.14,724367-1,-3.06,PO MISMATCH,CHANDLER 120817 235435
AMERICAN WEST,43124,380316,92,5,0,743991,84,743991-1,-3,PO MISMATCH,AMERICAN WEST 013018 380316
DEMDACO 0000        LEAWOOD,43103,21855378,93,0,0,732927,90,732927-1,-3,PO MISMATCH,DEMDACO 010418 21855522
DEMDACO 0000        LEAWOOD,43103,21855451,93,0,0,731398,90,731398-1,-3,PO MISMATCH,DEMDACO 010418 21855522
IRONWOOD INDUSTRIES,43122,27274,276,3,0,722211,270,722211-1,-3,PO MISMATCH,IRONWOOD 012318 27274
P GRAHAM DUNN,43122,1407582,5,35,0,742187,27,742187-4,-3,PO MISMATCH,P GRAHAM 013018 5
West Creation,43115,19670,63,3,0,734872,57,734872-2,-3,PO MISMATCH,WEST CREATION PMT RECPT 012218 2520.83
West Creation,43115,19674,63,3,0,737323,57,737323-2,-3,PO MISMATCH,WEST CREATION PMT RECPT 012218 2520.83
P GRAHAM DUNN,43116,1407225,32.75,5.25,0,740121,24.75,740121-1,-2.75,PO MISMATCH,P GRAHAM 012218 1407225
West Creation,43115,19679,58,3,0,736239,52.25,736239-2,-2.75,PO MISMATCH,WEST CREATION PMT RECPT 012218 2520.83
IMAX CORPORATION,43112,1493885,27.38,0,0,739053,24.77,739053-1,-2.61,PO MISMATCH,IMAX 011518 1493885
West Creation,43115,19636,54.7,3,0,728950,49.13,728950-1,-2.57,PO MISMATCH,WEST CREATION PMT RECPT 012218 2520.83
West Creation,43115,19665,51.4,3,0,734463,46,734463-1,-2.4,PO MISMATCH,WEST CREATION PMT RECPT 012218 2520.83
West Creation,43115,19660,49,3,0,733616,43.7,733616-1,-2.3,PO MISMATCH,WEST CREATION PMT RECPT 012218 2520.83
CHANDLER 4 CORNERS,43108,236681,32.5,10,0,738397,20.25,738397-2,-2.25,PO MISMATCH,CHANDLER 010818 236681
COLORADO DALLAS LLC,43119,18952,25.1,2,0,733851,20.9,733851-1,-2.2,PO MISMATCH,COLORADO DALLAS 011918 18952
West Creation,43115,19624,47,3,0,730881,41.8,730881-1,-2.2,PO MISMATCH,WEST CREATION PMT RECPT 012218 2520.83
IRONWOOD INDUSTRIES,43103,27179,108,0,0,719400,106,719400-2,-2,PO MISMATCH,IRONWOOD 010418 27179
Sierra Lifestyles,43117,32296,130,0,0,740850,128,740850-2,-2,PO MISMATCH,SIERRA 011918 32296
SLEEPYS LOG FURNITURE,43102,21722,45,5,0,732637,38,732637-1,-2,PO MISMATCH,SLEEPYS 010918 2
SLEEPYS LOG FURNITURE,43122,21744,45,5,0,738954,38,738954-3,-2,PO MISMATCH,SLEEPYS 013018 2
SLEEPYS LOG FURNITURE,43066,21659,45,5,0,710790,38,710790-2,-2,PO MISMATCH,SLEEPYS 120717 9
SLEEPYS LOG FURNITURE,43091,21712,45,5,0,731774,38,731774-1,-2,PO MISMATCH,SLEEPYS 122717 21712
UTTERMOST,43116,0002441161,157.5,7.5,0,740762,148,740762-4,-2,PO MISMATCH,UTTERMOST 011718 2441161
West Creation,43115,19649,42.9,3,0,732256,37.9,732256-2,-2,PO MISMATCH,WEST CREATION PMT RECPT 012218 2520.83
West Creation,43115,19648,41.8,3,0,731879,36.86,731879-1,-1.94,PO MISMATCH,WEST CREATION PMT RECPT 012218 2520.83
West Creation,43115,19654,40.3,3,0,732665,35.44,732665-1,-1.86,PO MISMATCH,WEST CREATION PMT RECPT 012218 2520.83
"Kalalou, Inc.",43125,640058,27.6,6,0,741834,19.8,741834-3,-1.8,PO MISMATCH,KALALOU 012618 640058
West Creation,43115,19632,38.9,3,0,729305,34.11,729305-3,-1.79,PO MISMATCH,WEST CREATION PMT RECPT 012218 2520.83
West Creation,43115,19673,37.8,3,0,737770,33.07,737770-3,-1.73,PO MISMATCH,WEST CREATION PMT RECPT 012218 2520.83
West Creation,43115,19646,36.8,3,0,731952,32.12,731952-1,-1.68,PO MISMATCH,WEST CREATION PMT RECPT 012218 2520.83
CHANDLER 4 CORNERS,43126,237259,125.9,10,0,745339,114.3,745339-1,-1.6,PO MISMATCH,CHANDLER 012618 237259
West Creation,43115,19643,44.7,3,0,731400,40.1,731400-3,-1.6,PO MISMATCH,WEST CREATION PMT RECPT 012218 2520.83
Sierra Lifestyles,43087,32066,104,0,0,730067,102.4,730067-1,-1.6,PO MISMATCH,SIERRA LIFESTYLES 122917 32066
CAL LIGHTING,43091,524138,69.4,0,0,704936,67.9,704936-3,-1.5,PO MISMATCH,CAL LIGHTING 122717 524138
CAPITOL IMPORTING,43111,164611,30.5,3,0,737208,26,737208-1,-1.5,PO MISMATCH,CAPITOL 011118 164611
CAPITOL IMPORTING,43111,164612,30.5,3,0,738248,26,738248-2,-1.5,PO MISMATCH,CAPITOL 011118 164612
CAPITOL IMPORTING,43117,164958,30.5,3,0,740960,26,740960-3,-1.5,PO MISMATCH,CAPITOL 011718 164958
West Creation,43115,19682,32,3,0,739345,27.56,739345-1,-1.44,PO MISMATCH,WEST CREATION PMT RECPT 012218 2520.83
Sierra Lifestyles,43125,32395,91,0,0,741939,89.6,741939-3,-1.4,PO MISMATCH,SIERRA 012918 32395
HERITAGE LACE,43119,1256438,16.8,0,0,742066,15.4,742066-1,-1.4,PO MISMATCH,HERITAGE LACE 012218 3
COAST LAMP,43455,51670,32.5,5,0,722517,26.13,722517-2,-1.37,PO MISMATCH,COAST LAMP PMT RECPT 122017 3484.88 84.80 46
Sierra Lifestyles,43103,32160,90,0,0,735237,88.7,735237-2,-1.3,PO MISMATCH,SIERRA LIFESTYLES 010918 32160
Sierra Lifestyles,43125,32387,78,0,0,742898,76.8,742898-1,-1.2,PO MISMATCH,SIERRA 012918 32387
COAST LAMP,43126,52168,104,5,0,739389,98,739389-1,-1,PO MISMATCH,COAST LAMP PMT RECPT 012618 1713.62
IRONWOOD INDUSTRIES,43080,27031,205,0,0,705257,204,705257-1,-1,PO MISMATCH,IRONWOOD 121117 27031
IRONWOOD INDUSTRIES,43089,27074,66,0,0,711146,65,711146-1,-1,PO MISMATCH,IRONWOOD 122717 27074
West Creation,43084,19546,36.85,3,0,727116,31.69,727116-1,-0.4675,PO MISMATCH,WEST CREATION 010218 143 5050.29
COAST LAMP,43089,Hand Note,5,0,0,,,NO PO-,,REVISED ,COAST LAMP PMT RECPT 010518 49 4281.85
UNITED WEAVERS,43105,1075585,26.5,0,0,,,Replacement-,,REVISED ,UNITED WEAVERS 010818 50
COAST LAMP,43084,51437,455,0,0,,,CATALOG-,,WAREHOUSE/ SAMPLES,CAST HORN 121517 5770.01
COAST LAMP,43119,52068,84,0,0,,,CATALOG-,,WAREHOUSE/ SAMPLES,COAST LAMP PMT RECPT 011918 4576.01
COAST LAMP,43119,52067,267,0,0,,,CATALOG-,,WAREHOUSE/ SAMPLES,COAST LAMP PMT RECPT 011918 4576.01
EAST OF HOLLYWOOD,0,Catalog Photo Sample,98,8,0,,,1COR10V4-,,WAREHOUSE/ SAMPLES,SIGNATURE COWBOY.EAST OF HOLLYWOOD 010418 12.2017
EAST OF HOLLYWOOD,0,Catalog Photo Sample,110,11,0,,,1COR3V12-,,WAREHOUSE/ SAMPLES,SIGNATURE COWBOY.EAST OF HOLLYWOOD 010418 12.2017
Greenland Trading,43119,164140,216,0,0,,,7081-,,WAREHOUSE/ SAMPLES,GREENLAND 012418 164140
IMAX CORPORATION,43075,1478065,3071.97,178.27,0,,,SPRINGCATALOG18-,,WAREHOUSE/ SAMPLES,IMAX 120617 1478065
OLLIIX,43110,44785735-1,441,0,0,,,7042-,,WAREHOUSE/ SAMPLES,OLLIIX 011118 44785735
Sierra Lifestyles,43125,32386,170,0,0,,,7117-,,WAREHOUSE/ SAMPLES,SIERRA 012918 32386
Sierra Lifestyles,43125,32386,170,0,0,,,7117-,,WAREHOUSE/ SAMPLES,SIERRA 012918 32396
T. I. DESIGN,43074,10112083,101,0,0,,,SAMPLES-,,WAREHOUSE/ SAMPLES,TI DESIGN 120517 10112083 SAMPLES SUM18
T. I. DESIGN,43074,10112082,209,0,0,,,SAMPLES-,,WAREHOUSE/ SAMPLES,TI DESIGN 120617 10112082 SAMPLES MILKMAN SUM17
TAMMEN,43060,2793,5311,240,0,,,70821-1,,WAREHOUSE/ SAMPLES,TAMMEN 121117 2793
THIRSTYSTONE,43020,INV446965,32,0,0,,,67602-1,,WAREHOUSE/ SAMPLES,THIRSTYSTONE 013118 64
THIRSTYSTONE,42985,INV446024,60.25,5,0,,,68652-1,,WAREHOUSE/ SAMPLES,THIRSTYSTONE 111317 2398.12
THIRSTYSTONE,43025,INV447052,1564,0,0,,,6515-,,WAREHOUSE/ SAMPLES,THIRSTYSTONE 013118 64
THIRSTYSTONE,43024,INV447039,2033.2,0,0,,,FALLCATALOG17-,,WAREHOUSE/ SAMPLES,THIRSTYSTONE 013118 64
CHANDLER 4 CORNERS,43087,236116,19,10,0,730012,8.1,730012-1,-0.9,,CHANDLER 121917 236116
"Kalalou, Inc.",43109,634642,15.9,6,0,737899,9,737899-1,-0.9,,KALALOU 010918 634642
"Kalalou, Inc.",43116,637351,24,6,0,739934,17.1,739934-1,-0.9,,KALALOU 011718 637351
Sierra Lifestyles,43123,32371,58.5,0,0,743045,57.6,743045-2,-0.9,,SIERRA 012918 32371
Sierra Lifestyles,43129,32425,52,0,0,745795,51.2,745795-1,-0.8,,SIERRA 013018 32425
Sierra Lifestyles,43052,31767,52,0,0,708563,51.2,708563-2,-0.8,,SIERRA LIFESTYLES 111717 174.35
Sierra Lifestyles,43125,32374,54,0,0,744465,53.22,744465-2,-0.78,,SIERRA 012918 32374
Sierra Lifestyles,43088,32076,54,0,0,731393,53.22,731393-1,-0.78,,SIERRA LIFESTYLES 122917 32076
Sierra Lifestyles,43096,32111,54,0,0,732664,53.22,732664-2,-0.78,,SIERRA LIFESTYLES 122917 32111
Sierra Lifestyles,43114,32258,47.5,0,0,740002,46.77,740002-2,-0.73,,SIERRA 011518 32258
COLORADO DALLAS LLC,43109,18921,29.8,2,0,730155,27.08,730155-2,-0.72,,COLORADO DALLAS 010818 18921
FLAT ROCK FURNITURE,43089,32726,1080,0,0,700055,1079.34,700055-1,-0.66,,FLAT ROCK 122017 32726
Sierra Lifestyles,43067,31910,39,0,0,713206,38.4,713206-2,-0.6,,SIERRA 120117 31910
West Creation,43084,19464,19,3,0,716163,14.63,716163-1,-0.57,,WEST CREATION 010218 143 5050.29
Sierra Lifestyles,43117,32289,36,0,0,741231,35.48,741231-4,-0.52,,SIERRA 011918 32289
Sierra Lifestyles,43117,32288,32.5,0,0,741077,32,741077-2,-0.5,,SIERRA 011918 32288
A HOMESTEAD SHOPPE,43122,430232,22.1,5,0,743015,16.62,743015-2,-0.48,,AHS 012218 4
A HOMESTEAD SHOPPE,43129,430413,22.1,5,0,744839,16.62,744839-3,-0.48,,AHS 012918 430412
Sierra Lifestyles,43125,32373,33,0,0,744620,32.52,744620-1,-0.48,,SIERRA 012918 32373
Sierra Lifestyles,43097,32119,33,0,0,733414,32.52,733414-1,-0.48,,SIERRA LIFESTYLES 122917 32119
West Creation,43084,19496,17,3,0,719573,12.83,719573-1,-0.47,,WEST CREATION 010218 143 5050.29
West Creation,43084,19534,17,3,0,725306,12.83,725306-1,-0.47,,WEST CREATION 010218 143 5050.29
Sierra Lifestyles,43125,32401,29.5,0,0,744969,29.05,744969-2,-0.45,,SIERRA 012918 32401
Sierra Lifestyles,43111,32255,26,0,0,736155,25.6,736155-1,-0.4,,SIERRA 011518 32255
Sierra Lifestyles,43104,32176,26,0,0,736256,25.6,736256-1,-0.4,,SIERRA LIFESTYLES 010918 32176
Sierra Lifestyles,43107,32215,26,0,0,737999,25.6,737999-2,-0.4,,SIERRA LIFESTYLES 010918 32215
Sierra Lifestyles,43052,31783,26,0,0,709108,25.6,709108-1,-0.4,,SIERRA LIFESTYLES 111717 174.35
Sierra Lifestyles,43107,32217,21.5,0,0,736622,21.17,736622-2,-0.33,,SIERRA LIFESTYLES 010918 32217
Sierra Lifestyles,43053,31790,21.5,0,0,710266,21.17,710266-1,-0.33,,SIERRA LIFESTYLES 111717 174.35
Sierra Lifestyles,43053,31791,21.5,0,0,708251,21.17,708251-2,-0.33,,SIERRA LIFESTYLES 111717 174.35
Sierra Lifestyles,43117,32309,19.5,0,0,742271,19.2,742271-2,-0.3,,SIERRA 011918 32309
Sierra Lifestyles,43066,31890,19.5,0,0,716512,19.2,716512-5,-0.3,,SIERRA 120117 31890
Sierra Lifestyles,43073,31954,19.5,0,0,720967,19.2,720967-1,-0.3,,SIERRA 120817 31954
Sierra Lifestyles,43114,32259,18,0,0,740197,17.74,740197-1,-0.26,,SIERRA 011518 32259
Sierra Lifestyles,43101,32139,18,0,0,733972,17.74,733972-1,-0.26,,SIERRA LIFESTYLES 010918 32139
Sierra Lifestyles,43125,32402,13,0,0,745096,12.8,745096-1,-0.2,,SIERRA 012918 32402
Sierra Lifestyles,43107,32216,13,0,0,732339,12.8,732339-1,-0.2,,SIERRA LIFESTYLES 010918 32216
Sierra Lifestyles,43053,31781,11,0,0,710115,10.84,710115-3,-0.16,,SIERRA LIFESTYLES 111717 174.35
Sierra Lifestyles,43084,32046,10.5,0,0,728652,10.34,728652-3,-0.16,,SIERRA LIFESTYLES 122917 32046
Sierra Lifestyles,43111,32254,8.5,0,0,735585,8.37,735585-2,-0.13,,SIERRA 011518 32254
Sierra Lifestyles,43111,32256,8.5,0,0,737416,8.37,737416-2,-0.13,,SIERRA 011518 32256
Sierra Lifestyles,43115,32273,8.5,0,0,740546,8.37,740546-2,-0.13,,SIERRA 011518 32273
Sierra Lifestyles,43129,32430,8.5,0,0,733647,8.37,733647-2,-0.13,,SIERRA 013018 32430
Sierra Lifestyles,43066,31889,8.5,0,0,716667,8.37,716667-2,-0.13,,SIERRA 120117 31889
Sierra Lifestyles,43103,32159,9,0,0,735826,8.87,735826-2,-0.13,,SIERRA LIFESTYLES 010918 32159
Sierra Lifestyles,43053,31782,9,0,0,710084,8.87,710084-1,-0.13,,SIERRA LIFESTYLES 111717 174.35
Sierra Lifestyles,43084,32047,8.5,0,0,728493,8.37,728493-2,-0.13,,SIERRA LIFESTYLES 122917 32047
Sierra Lifestyles,43097,32118,8.5,0,0,732470,8.37,732470-2,-0.13,,SIERRA LIFESTYLES 122917 32118
Sierra Lifestyles,43127,32410,6.5,0,0,745404,6.4,745404-1,-0.1,,SIERRA 013018 32410
Sierra Lifestyles,43067,31909,6.5,0,0,716739,6.4,716739-1,-0.1,,SIERRA 120117 31909
VAXCEL,43110,787833,559.71,2.5,0,727790,557.15,727790-2,-0.06,,VAXCEL 011118 787833
DONNA SHARP,43067,411686,56.25,0,0,716873,56.2,716873-1,-0.05,,DONNA SHARP 112917 411686
VAXCEL,43081,782947,205.82,2.5,0,725422,203.28,725422-1,-0.04,,VAXCEL 121317 782947
VAXCEL,43111,788220,111.76,2.5,0,738415,109.24,738415-1,-0.02,,VAXCEL 011218 788220
VAXCEL,43103,786451,104.16,2.5,0,735079,101.64,735079-1,-0.02,,VAXCEL 010418 786451
VAXCEL,43103,786566,104.16,2.5,0,734392,101.64,734392-1,-0.02,,VAXCEL 010418 786566
VAXCEL,43123,792385,104.16,2.5,0,742676,101.64,742676-1,-0.02,,VAXCEL 012418 792385
VAXCEL,43077,782061,104.16,2.5,0,723026,101.64,723026-1,-0.02,,VAXCEL 121117 782061
VAXCEL,43088,784510,62.36,2.5,0,731053,59.84,731053-1,-0.02,,VAXCEL 122017 784510
VAXCEL,43095,785254,104.16,2.5,0,732839,101.64,732839-1,-0.02,,VAXCEL 122717 785254
VAXCEL,43111,788222,154.98,2.5,0,737580,152.46,737580-1,-0.02,,VAXCEL 011218 788222
VAXCEL,43119,791134,305.56,2.5,0,741774,303.04,741774-2,-0.02,,VAXCEL 012218 791134
VAXCEL,43112,788553,238.58,2.5,0,738886,236.07,738886-2,-0.01,,VAXCEL 011518 788553
IMAX CORPORATION,43123,1498924,47.59,0,0,742994,47.58,742994-1,-0.01,,IMAX 012418 1498924
IMAX CORPORATION,43124,1499484,74.15,0,0,743053,74.14,743053-1,-0.01,,IMAX 012518 1499484
IMAX CORPORATION,43082,1481592,59.56,0,0,726530,59.55,726530-2,-0.01,,IMAX 121317 1481592
VAXCEL,43110,787938,121.73,2.5,0,737265,119.22,737265-1,-0.01,,VAXCEL 011118 787938
VAXCEL,43112,788643,97.03,2.5,0,739690,94.52,739690-1,-0.01,,VAXCEL 011518 788643
VAXCEL,43117,790173,69.48,2.5,0,740429,66.97,740429-2,-0.01,,VAXCEL 011818 790173
VAXCEL,43123,792276,69.48,2.5,0,743347,66.97,743347-1,-0.01,,VAXCEL 012418 792276
VAXCEL,43125,793652,100.83,2.5,0,743742,98.32,743742-2,-0.01,,VAXCEL 012618 793652
VAXCEL,43077,782085,104.15,2.5,0,723943,101.64,723943-1,-0.01,,VAXCEL 121117 782085
VAXCEL,43081,782841,79.93,2.5,0,726042,77.42,726042-1,-0.01,,VAXCEL 121317 782841
VAXCEL,43081,782920,104.15,2.5,0,725262,101.64,725262-1,-0.01,,VAXCEL 121317 782920
VAXCEL,43095,785255,121.73,2.5,0,732827,119.22,732827-1,-0.01,,VAXCEL 122717 785255
IMAX CORPORATION,43074,1477367,13.53,0,0,721454,13.52,721454-2,-0.01,,IMAX 120617 1477367
IMAX CORPORATION,43125,1500175,47.29,0,0,744608,47.28,744608-2,-0.01,,IMAX 012618 1500175
VAXCEL,43104,786741,53.33,2.5,0,734970,50.82,734970-2,-0.01,,VAXCEL 010518 786741
VAXCEL,43104,786761,53.33,2.5,0,735164,50.82,735164-1,-0.01,,VAXCEL 010518 786761
VAXCEL,43105,787038,53.33,2.5,0,735768,50.82,735768-1,-0.01,,VAXCEL 010818 787038
VAXCEL,43109,787764,53.33,2.5,0,737308,50.82,737308-1,-0.01,,VAXCEL 011018 787764
VAXCEL,43110,788100,53.33,2.5,0,738340,50.82,738340-1,-0.01,,VAXCEL 011118 788100
VAXCEL,43110,788106,53.33,2.5,0,738225,50.82,738225-2,-0.01,,VAXCEL 011118 788106
VAXCEL,43117,790034,53.33,2.5,0,739758,50.82,739758-1,-0.01,,VAXCEL 011818 790034
VAXCEL,43118,790446,45.73,2.5,0,741047,43.22,741047-1,-0.01,,VAXCEL 011918 790446
VAXCEL,43126,794133,53.33,2.5,0,744339,50.82,744339-2,-0.01,,VAXCEL 011918 794133
VAXCEL,43125,793475,53.33,2.5,0,743892,50.82,743892-2,-0.01,,VAXCEL 012618 793475
VAXCEL,43125,793514,53.33,2.5,0,744045,50.82,744045-1,-0.01,,VAXCEL 012618 793514
VAXCEL,43081,782882,53.33,2.5,0,725122,50.82,725122-1,-0.01,,VAXCEL 121317 782882
VAXCEL,43082,783316,53.33,2.5,0,727318,50.82,727318-1,-0.01,,VAXCEL 121417 783316
VAXCEL,43084,783710,53.33,2.5,0,728641,50.82,728641-1,-0.01,,VAXCEL 121817 783710
VAXCEL,43088,784288,53.33,2.5,0,729696,50.82,729696-2,-0.01,,VAXCEL 122017 784288
VAXCEL,43088,784362,53.33,2.5,0,730284,50.82,730284-1,-0.01,,VAXCEL 122017 784362
VAXCEL,43097,785718,53.33,2.5,0,733509,50.82,733509-2,-0.01,,VAXCEL 122917 785718
VAXCEL,43103,786497,301.75,2.5,0,733754,299.24,733754-1,-0.01,,VAXCEL 010418 786497
VAXCEL,43126,794276,370.63,2.5,0,744828,368.12,744828-2,-0.01,,VAXCEL 011918 794276
VAXCEL,43119,791181,276.58,2.5,0,741680,274.07,741680-2,-0.01,,VAXCEL 012218 791181
VAXCEL,43119,791218,192.03,2.5,0,741879,189.52,741879-1,-0.01,,VAXCEL 012218 791218
VAXCEL,43081,782944,107.01,2.5,0,725738,104.5,725738-2,-0.01,,VAXCEL 121317 782944
VAXCEL,43087,783991,202.95,2.5,0,729304,200.44,729304-2,-0.01,,VAXEL 121917 783991
VAXCEL,43105,787100,552.08,2.5,0,736125,549.57,736125-2,-0.01,,VAXCEL 010818 787100
